{"cameraMode":{"drawMode":0,"name":"Shaded","section":"Shading Mode"},"sceneLighting":true,"audioPlay":false,"sceneViewState":{"m_AlwaysRefresh":false,"showFog":true,"showSkybox":true,"showFlares":true,"showImageEffects":true,"showParticleSystems":true,"showVisualEffectGraphs":true,"m_FxEnabled":true},"in2DMode":false,"pivot":{"x":-0.5178298950195313,"y":0.010829925537109375,"z":-0.5406494140625},"rotation":{"x":0.20289263129234315,"y":0.005210079252719879,"z":-0.0012971526011824608,"w":0.9792042374610901},"size":14.394490242004395,"orthographic":false}