{"cameraMode":{"drawMode":0,"name":"Shaded","section":"Shading Mode"},"sceneLighting":true,"audioPlay":false,"sceneViewState":{"m_AlwaysRefresh":false,"showFog":true,"showSkybox":true,"showFlares":true,"showImageEffects":true,"showParticleSystems":true,"showVisualEffectGraphs":true,"m_FxEnabled":true},"in2DMode":false,"pivot":{"x":49.66300964355469,"y":-26.447471618652345,"z":52.79619598388672},"rotation":{"x":-0.2524738013744354,"y":-0.006178851705044508,"z":0.0012460752623155714,"w":-0.9672796130180359},"size":33.6087760925293,"orthographic":false}