{"cameraMode":{"drawMode":0,"name":"Shaded","section":"Shading Mode"},"sceneLighting":true,"audioPlay":false,"sceneViewState":{"m_AlwaysRefresh":false,"showFog":true,"showSkybox":true,"showFlares":true,"showImageEffects":true,"showParticleSystems":true,"showVisualEffectGraphs":true,"m_FxEnabled":true},"in2DMode":false,"pivot":{"x":43.11488342285156,"y":12.989389419555664,"z":-17.49925994873047},"rotation":{"x":0.35072463750839236,"y":-0.044181715697050098,"z":0.01634844020009041,"w":0.9351116418838501},"size":2.6005194187164308,"orthographic":false}