{"cameraMode":{"drawMode":0,"name":"Shaded","section":"Shading Mode"},"sceneLighting":true,"audioPlay":false,"sceneViewState":{"m_AlwaysRefresh":false,"showFog":true,"showSkybox":true,"showFlares":true,"showImageEffects":true,"showParticleSystems":true,"showVisualEffectGraphs":true,"m_FxEnabled":true},"in2DMode":false,"pivot":{"x":-1.1240248680114747,"y":-0.7156906127929688,"z":3.9003849029541017},"rotation":{"x":0.3581751585006714,"y":-0.003475544275715947,"z":0.0010916119208559394,"w":0.9336561560630798},"size":16.49040985107422,"orthographic":false}