{"cameraMode":{"drawMode":0,"name":"Shaded","section":"Shading Mode"},"sceneLighting":true,"audioPlay":false,"sceneViewState":{"m_AlwaysRefresh":false,"showFog":true,"showSkybox":true,"showFlares":true,"showImageEffects":true,"showParticleSystems":true,"showVisualEffectGraphs":true,"m_FxEnabled":true},"in2DMode":false,"pivot":{"x":5.37689208984375,"y":-30.845190048217775,"z":255.8551788330078},"rotation":{"x":0.06327197700738907,"y":-0.000014831069165666122,"z":-0.000041812745621427894,"w":0.9980754852294922},"size":141.62110900878907,"orthographic":false}